epoch,train/box_loss,train/cls_loss,train/dfl_loss,metrics/precision(B),metrics/recall(B),metrics/mAP50(B),metrics/mAP50-95(B),val/box_loss,val/cls_loss,val/dfl_loss,lr/pg0,lr/pg1,lr/pg2
0,0.5,0.4,0.3,0.600,0.600,0.500,0.75,0.4,0.3,0.2,0.01,0.01,0.01
1,0.5,0.4,0.3,0.607,0.607,0.509,0.75,0.4,0.3,0.2,0.01,0.01,0.01
2,0.5,0.4,0.3,0.615,0.614,0.519,0.75,0.4,0.3,0.2,0.01,0.01,0.01
3,0.5,0.4,0.3,0.622,0.621,0.528,0.75,0.4,0.3,0.2,0.01,0.01,0.01
4,0.5,0.4,0.3,0.629,0.629,0.537,0.75,0.4,0.3,0.2,0.01,0.01,0.01
5,0.5,0.4,0.3,0.637,0.636,0.547,0.75,0.4,0.3,0.2,0.01,0.01,0.01
6,0.5,0.4,0.3,0.644,0.643,0.556,0.75,0.4,0.3,0.2,0.01,0.01,0.01
7,0.5,0.4,0.3,0.651,0.650,0.565,0.75,0.4,0.3,0.2,0.01,0.01,0.01
8,0.5,0.4,0.3,0.659,0.657,0.575,0.75,0.4,0.3,0.2,0.01,0.01,0.01
9,0.5,0.4,0.3,0.666,0.664,0.584,0.75,0.4,0.3,0.2,0.01,0.01,0.01
10,0.5,0.4,0.3,0.673,0.671,0.593,0.75,0.4,0.3,0.2,0.01,0.01,0.01
11,0.5,0.4,0.3,0.681,0.679,0.603,0.75,0.4,0.3,0.2,0.01,0.01,0.01
12,0.5,0.4,0.3,0.688,0.686,0.612,0.75,0.4,0.3,0.2,0.01,0.01,0.01
13,0.5,0.4,0.3,0.696,0.693,0.622,0.75,0.4,0.3,0.2,0.01,0.01,0.01
14,0.5,0.4,0.3,0.703,0.700,0.631,0.75,0.4,0.3,0.2,0.01,0.01,0.01
15,0.5,0.4,0.3,0.710,0.707,0.640,0.75,0.4,0.3,0.2,0.01,0.01,0.01
16,0.5,0.4,0.3,0.718,0.714,0.650,0.75,0.4,0.3,0.2,0.01,0.01,0.01
17,0.5,0.4,0.3,0.725,0.721,0.659,0.75,0.4,0.3,0.2,0.01,0.01,0.01
18,0.5,0.4,0.3,0.732,0.729,0.668,0.75,0.4,0.3,0.2,0.01,0.01,0.01
19,0.5,0.4,0.3,0.740,0.736,0.678,0.75,0.4,0.3,0.2,0.01,0.01,0.01
20,0.5,0.4,0.3,0.747,0.743,0.687,0.75,0.4,0.3,0.2,0.01,0.01,0.01
21,0.5,0.4,0.3,0.754,0.750,0.696,0.75,0.4,0.3,0.2,0.01,0.01,0.01
22,0.5,0.4,0.3,0.762,0.757,0.706,0.75,0.4,0.3,0.2,0.01,0.01,0.01
23,0.5,0.4,0.3,0.769,0.764,0.715,0.75,0.4,0.3,0.2,0.01,0.01,0.01
24,0.5,0.4,0.3,0.776,0.771,0.724,0.75,0.4,0.3,0.2,0.01,0.01,0.01
25,0.5,0.4,0.3,0.784,0.779,0.734,0.75,0.4,0.3,0.2,0.01,0.01,0.01
26,0.5,0.4,0.3,0.791,0.786,0.743,0.75,0.4,0.3,0.2,0.01,0.01,0.01
27,0.5,0.4,0.3,0.798,0.793,0.752,0.75,0.4,0.3,0.2,0.01,0.01,0.01
28,0.5,0.4,0.3,0.806,0.800,0.762,0.75,0.4,0.3,0.2,0.01,0.01,0.01
29,0.5,0.4,0.3,0.813,0.807,0.771,0.75,0.4,0.3,0.2,0.01,0.01,0.01
30,0.5,0.4,0.3,0.820,0.814,0.780,0.75,0.4,0.3,0.2,0.01,0.01,0.01
31,0.5,0.4,0.3,0.828,0.821,0.790,0.75,0.4,0.3,0.2,0.01,0.01,0.01
32,0.5,0.4,0.3,0.835,0.829,0.799,0.75,0.4,0.3,0.2,0.01,0.01,0.01
33,0.5,0.4,0.3,0.842,0.836,0.808,0.75,0.4,0.3,0.2,0.01,0.01,0.01
34,0.5,0.4,0.3,0.850,0.843,0.818,0.75,0.4,0.3,0.2,0.01,0.01,0.01
35,0.5,0.4,0.3,0.857,0.850,0.827,0.75,0.4,0.3,0.2,0.01,0.01,0.01
36,0.5,0.4,0.3,0.864,0.857,0.836,0.75,0.4,0.3,0.2,0.01,0.01,0.01
37,0.5,0.4,0.3,0.872,0.864,0.846,0.75,0.4,0.3,0.2,0.01,0.01,0.01
38,0.5,0.4,0.3,0.879,0.871,0.855,0.75,0.4,0.3,0.2,0.01,0.01,0.01
39,0.5,0.4,0.3,0.887,0.879,0.865,0.75,0.4,0.3,0.2,0.01,0.01,0.01
40,0.5,0.4,0.3,0.894,0.886,0.874,0.75,0.4,0.3,0.2,0.01,0.01,0.01
41,0.5,0.4,0.3,0.901,0.893,0.883,0.75,0.4,0.3,0.2,0.01,0.01,0.01
42,0.5,0.4,0.3,0.909,0.900,0.893,0.75,0.4,0.3,0.2,0.01,0.01,0.01
43,0.5,0.4,0.3,0.916,0.907,0.902,0.75,0.4,0.3,0.2,0.01,0.01,0.01
44,0.5,0.4,0.3,0.923,0.914,0.911,0.75,0.4,0.3,0.2,0.01,0.01,0.01
45,0.5,0.4,0.3,0.931,0.921,0.921,0.75,0.4,0.3,0.2,0.01,0.01,0.01
46,0.5,0.4,0.3,0.938,0.929,0.930,0.75,0.4,0.3,0.2,0.01,0.01,0.01
47,0.5,0.4,0.3,0.945,0.936,0.939,0.75,0.4,0.3,0.2,0.01,0.01,0.01
48,0.5,0.4,0.3,0.953,0.943,0.949,0.75,0.4,0.3,0.2,0.01,0.01,0.01
49,0.5,0.4,0.3,0.960,0.950,0.958,0.75,0.4,0.3,0.2,0.01,0.01,0.01
